{
  "run_name": "run_001",
  "total_episodes": 1500,
  "success_rate": 0.0,
  "mean_reward": -554.4602768376668,
  "std_reward": 134.6492695597947,
  "max_reward": 2.9335098266601562,
  "min_reward": -1205.7373046875,
  "first_success_episode": null,
  "final_100_success_rate": 0.0,
  "elapsed_time": 14556.500564813614
}