{
  "total_episodes": 500,
  "success_rate": 22.0,
  "mean_reward": -70.17479406681636,
  "std_reward": 336.8398892575415,
  "max_reward": 288.0579307778619,
  "min_reward": -1937.4840600378388,
  "first_success_episode": 240,
  "final_100_success_rate": 60.0,
  "final_100_mean_reward": 170.2621968248656,
  "total_successes": 110,
  "max_consecutive_successes": 8,
  "elapsed_time": 1485.7611927986145,
  "user_quit": false,
  "error": null,
  "run_name": "run_003"
}