{
  "total_episodes": 500,
  "success_rate": 26.0,
  "mean_reward": -13.808359240659076,
  "std_reward": 322.7694826299528,
  "max_reward": 270.857123605713,
  "min_reward": -3743.3783955898325,
  "first_success_episode": 165,
  "final_100_success_rate": 44.0,
  "final_100_mean_reward": 132.87301878831525,
  "total_successes": 130,
  "max_consecutive_successes": 6,
  "elapsed_time": 1198.615104675293,
  "user_quit": false,
  "error": null,
  "run_name": "run_008"
}