{
  "total_episodes": 500,
  "success_rate": 2.1999999999999997,
  "mean_reward": -121.57150911364043,
  "std_reward": 308.5179854272551,
  "max_reward": 250.44092991040924,
  "min_reward": -1542.084371665043,
  "first_success_episode": 320,
  "final_100_success_rate": 3.0,
  "final_100_mean_reward": 60.67647603806729,
  "total_successes": 11,
  "max_consecutive_successes": 1,
  "elapsed_time": 1479.7283728122711,
  "user_quit": false,
  "error": null,
  "run_name": "run_001"
}