{
  "total_episodes": 500,
  "success_rate": 22.6,
  "mean_reward": -58.284447348248605,
  "std_reward": 267.4505681282298,
  "max_reward": 288.5630463377984,
  "min_reward": -1790.4822814169888,
  "first_success_episode": 124,
  "final_100_success_rate": 70.0,
  "final_100_mean_reward": 187.6299659101299,
  "total_successes": 113,
  "max_consecutive_successes": 16,
  "elapsed_time": 1596.183664560318,
  "user_quit": false,
  "error": null,
  "run_name": "run_002"
}