{
  "total_episodes": 500,
  "success_rate": 19.6,
  "mean_reward": -35.683905517720646,
  "std_reward": 239.97508981334238,
  "max_reward": 285.76583094883233,
  "min_reward": -888.2836417729037,
  "first_success_episode": 264,
  "final_100_success_rate": 30.0,
  "final_100_mean_reward": 99.62993659076614,
  "total_successes": 98,
  "max_consecutive_successes": 6,
  "elapsed_time": 1387.642638683319,
  "user_quit": false,
  "error": null,
  "run_name": "run_005"
}