{
  "total_episodes": 500,
  "success_rate": 12.6,
  "mean_reward": -133.0843236041272,
  "std_reward": 331.0641319842952,
  "max_reward": 269.6497413595783,
  "min_reward": -3728.6872262825973,
  "first_success_episode": 182,
  "final_100_success_rate": 49.0,
  "elapsed_time": 3089.2821424007416,
  "user_quit": false,
  "error": null,
  "run_name": "run_001"
}