{
  "total_episodes": 500,
  "success_rate": 1.6,
  "mean_reward": -140.15847294468804,
  "std_reward": 197.19630611034697,
  "max_reward": 242.57349604742734,
  "min_reward": -1240.2399851564467,
  "first_success_episode": 247,
  "final_100_success_rate": 6.0,
  "final_100_mean_reward": -2.483119913675024,
  "total_successes": 8,
  "max_consecutive_successes": 1,
  "elapsed_time": 884.8479006290436,
  "user_quit": false,
  "error": null,
  "run_name": "run_002"
}