{
  "total_episodes": 500,
  "success_rate": 5.2,
  "mean_reward": -126.39658160397207,
  "std_reward": 271.61119744836975,
  "max_reward": 291.8276649021415,
  "min_reward": -2092.166191365667,
  "first_success_episode": 191,
  "final_100_success_rate": 21.0,
  "final_100_mean_reward": 83.21529448309975,
  "total_successes": 26,
  "max_consecutive_successes": 4,
  "elapsed_time": 705.9999980926514,
  "user_quit": false,
  "error": null,
  "run_name": "run_006"
}