{
  "total_episodes": 500,
  "success_rate": 7.6,
  "mean_reward": -159.64871170627688,
  "std_reward": 287.6348698112436,
  "max_reward": 280.175237365047,
  "min_reward": -2682.457026743568,
  "first_success_episode": 323,
  "final_100_success_rate": 33.0,
  "final_100_mean_reward": 55.619477057864266,
  "total_successes": 38,
  "max_consecutive_successes": 4,
  "elapsed_time": 463.8295795917511,
  "user_quit": false,
  "error": null,
  "run_name": "run_008"
}