{
  "total_episodes": 1000,
  "success_rate": 0.1,
  "mean_reward": -151.96539249377787,
  "std_reward": 244.23963361259027,
  "max_reward": 212.58721911634663,
  "min_reward": -2055.8536214862324,
  "first_success_episode": 111,
  "final_100_success_rate": 0.0,
  "final_100_mean_reward": -69.86253756568185,
  "total_successes": 1,
  "max_consecutive_successes": 1,
  "elapsed_time": 2992.0885996818542,
  "user_quit": false,
  "error": null,
  "run_name": "run_002"
}