{
  "total_episodes": 500,
  "success_rate": 0.0,
  "mean_reward": -279.3129728467852,
  "std_reward": 240.61322191205008,
  "max_reward": 28.666935681344654,
  "min_reward": -1056.3331936146296,
  "first_success_episode": null,
  "final_100_success_rate": 0.0,
  "final_100_mean_reward": -62.649016130916614,
  "total_successes": 0,
  "max_consecutive_successes": 0,
  "elapsed_time": 924.3664453029633,
  "user_quit": false,
  "error": null,
  "run_name": "run_006"
}