{
  "total_episodes": 500,
  "success_rate": 0.2,
  "mean_reward": -306.6869266738445,
  "std_reward": 279.7172939276523,
  "max_reward": 223.48416703676727,
  "min_reward": -2647.0372048588943,
  "first_success_episode": 341,
  "final_100_success_rate": 0.0,
  "final_100_mean_reward": -181.09420138964498,
  "total_successes": 1,
  "max_consecutive_successes": 1,
  "elapsed_time": 470.39021492004395,
  "user_quit": false,
  "error": null,
  "run_name": "run_001"
}