{
  "total_episodes": 1000,
  "success_rate": 27.1,
  "mean_reward": 14.170524042206234,
  "std_reward": 228.13028406645483,
  "max_reward": 302.2855729974416,
  "min_reward": -1223.566441267558,
  "first_success_episode": 242,
  "final_100_success_rate": 57.99999999999999,
  "final_100_mean_reward": 167.24145284344337,
  "total_successes": 271,
  "max_consecutive_successes": 10,
  "elapsed_time": 991.4946463108063,
  "user_quit": false,
  "error": null,
  "run_name": "run_019"
}