{
  "total_episodes": 1000,
  "success_rate": 21.6,
  "mean_reward": -6.731074733827816,
  "std_reward": 249.15229563714507,
  "max_reward": 300.9799246948557,
  "min_reward": -2059.8775539013554,
  "first_success_episode": 446,
  "final_100_success_rate": 72.0,
  "final_100_mean_reward": 197.2260438478139,
  "total_successes": 216,
  "max_consecutive_successes": 12,
  "elapsed_time": 1374.808733701706,
  "user_quit": false,
  "error": null,
  "run_name": "run_022"
}