{
  "total_episodes": 1000,
  "success_rate": 36.4,
  "mean_reward": 20.84958812284781,
  "std_reward": 288.72185002465153,
  "max_reward": 299.65861490000486,
  "min_reward": -3202.480373498411,
  "first_success_episode": 333,
  "final_100_success_rate": 83.0,
  "final_100_mean_reward": 215.387980339262,
  "total_successes": 364,
  "max_consecutive_successes": 22,
  "elapsed_time": 1276.8102645874023,
  "user_quit": false,
  "error": null,
  "run_name": "run_014"
}