{
  "total_episodes": 1000,
  "success_rate": 0.0,
  "mean_reward": -579.554253107304,
  "std_reward": 185.94521218736438,
  "max_reward": -57.063022080221394,
  "min_reward": -2718.3139007297805,
  "first_success_episode": null,
  "final_100_success_rate": 0.0,
  "final_100_mean_reward": -575.652252275152,
  "total_successes": 0,
  "max_consecutive_successes": 0,
  "elapsed_time": 175.92370915412903,
  "user_quit": false,
  "error": null,
  "run_name": "run_028"
}