{
  "total_episodes": 1000,
  "success_rate": 1.4000000000000001,
  "mean_reward": -251.88808716173486,
  "std_reward": 292.7639940552489,
  "max_reward": 247.7685215901461,
  "min_reward": -2603.1745712840084,
  "first_success_episode": 683,
  "final_100_success_rate": 7.000000000000001,
  "final_100_mean_reward": 8.678437660073767,
  "total_successes": 14,
  "max_consecutive_successes": 1,
  "elapsed_time": 775.5306799411774,
  "user_quit": false,
  "error": null,
  "run_name": "run_009"
}