{
  "total_episodes": 1000,
  "success_rate": 25.2,
  "mean_reward": -3.022850053667731,
  "std_reward": 271.3678061799769,
  "max_reward": 279.7768372981293,
  "min_reward": -2435.6141552901545,
  "first_success_episode": 130,
  "final_100_success_rate": 39.0,
  "final_100_mean_reward": 111.76468249973802,
  "total_successes": 252,
  "max_consecutive_successes": 15,
  "elapsed_time": 1338.5061752796173,
  "user_quit": false,
  "error": null,
  "run_name": "run_016"
}