{
  "total_episodes": 1000,
  "success_rate": 24.099999999999998,
  "mean_reward": -6.227355395468098,
  "std_reward": 253.69759498816342,
  "max_reward": 292.0103736688878,
  "min_reward": -1962.4014671371526,
  "first_success_episode": 401,
  "final_100_success_rate": 47.0,
  "final_100_mean_reward": 141.6633353095641,
  "total_successes": 241,
  "max_consecutive_successes": 9,
  "elapsed_time": 1350.7282147407532,
  "user_quit": false,
  "error": null,
  "run_name": "run_031"
}