{
  "total_episodes": 1000,
  "success_rate": 22.6,
  "mean_reward": 36.886092491257685,
  "std_reward": 178.79484264646607,
  "max_reward": 298.74256872053866,
  "min_reward": -1341.2107777876936,
  "first_success_episode": 193,
  "final_100_success_rate": 18.0,
  "final_100_mean_reward": 64.08253231109735,
  "total_successes": 226,
  "max_consecutive_successes": 8,
  "elapsed_time": 1324.1562027931213,
  "user_quit": false,
  "error": null,
  "run_name": "run_023"
}