{
  "total_episodes": 1000,
  "success_rate": 35.3,
  "mean_reward": 41.07201348028207,
  "std_reward": 257.04639032662624,
  "max_reward": 291.07148696281826,
  "min_reward": -1451.135357377904,
  "first_success_episode": 300,
  "final_100_success_rate": 55.00000000000001,
  "final_100_mean_reward": 179.43490142852022,
  "total_successes": 353,
  "max_consecutive_successes": 12,
  "elapsed_time": 1478.6347765922546,
  "user_quit": false,
  "error": null,
  "run_name": "run_030"
}