{
  "total_episodes": 1000,
  "success_rate": 15.1,
  "mean_reward": -93.41692712501256,
  "std_reward": 284.1498515238151,
  "max_reward": 280.36460282623955,
  "min_reward": -1426.1367502655025,
  "first_success_episode": 410,
  "final_100_success_rate": 23.0,
  "final_100_mean_reward": 120.42475837236373,
  "total_successes": 151,
  "max_consecutive_successes": 7,
  "elapsed_time": 1185.8761627674103,
  "user_quit": false,
  "error": null,
  "run_name": "run_012"
}