{
  "total_episodes": 1000,
  "success_rate": 24.4,
  "mean_reward": 17.4093598418716,
  "std_reward": 256.8977375770569,
  "max_reward": 295.44565933152234,
  "min_reward": -1816.1265087943834,
  "first_success_episode": 182,
  "final_100_success_rate": 41.0,
  "final_100_mean_reward": 121.0900874857463,
  "total_successes": 244,
  "max_consecutive_successes": 12,
  "elapsed_time": 1203.6135590076447,
  "user_quit": false,
  "error": null,
  "run_name": "run_010"
}