{
  "total_episodes": 1000,
  "success_rate": 17.9,
  "mean_reward": -104.60248175340483,
  "std_reward": 298.37257032375334,
  "max_reward": 296.65010462918997,
  "min_reward": -1461.9126203606656,
  "first_success_episode": 440,
  "final_100_success_rate": 68.0,
  "final_100_mean_reward": 182.4526313456741,
  "total_successes": 179,
  "max_consecutive_successes": 15,
  "elapsed_time": 1193.948143005371,
  "user_quit": false,
  "error": null,
  "run_name": "run_026"
}