{
  "total_episodes": 1000,
  "success_rate": 24.0,
  "mean_reward": 15.957812986332625,
  "std_reward": 223.23593562894519,
  "max_reward": 296.92020080455734,
  "min_reward": -1526.0491509755902,
  "first_success_episode": 172,
  "final_100_success_rate": 35.0,
  "final_100_mean_reward": 95.15657991791943,
  "total_successes": 240,
  "max_consecutive_successes": 10,
  "elapsed_time": 1228.5399553775787,
  "user_quit": false,
  "error": null,
  "run_name": "run_032"
}