{
  "total_episodes": 1000,
  "success_rate": 14.899999999999999,
  "mean_reward": -19.637221415225678,
  "std_reward": 201.14077343170018,
  "max_reward": 287.50169251328197,
  "min_reward": -1327.3055303634703,
  "first_success_episode": 177,
  "final_100_success_rate": 44.0,
  "final_100_mean_reward": 149.28213808351234,
  "total_successes": 149,
  "max_consecutive_successes": 5,
  "elapsed_time": 1071.9641408920288,
  "user_quit": false,
  "error": null,
  "run_name": "run_007"
}