{
  "total_episodes": 1000,
  "success_rate": 27.1,
  "mean_reward": 56.824258106683594,
  "std_reward": 168.3204487453786,
  "max_reward": 295.15299401183273,
  "min_reward": -1339.496291265999,
  "first_success_episode": 39,
  "final_100_success_rate": 28.999999999999996,
  "final_100_mean_reward": 104.79608179354564,
  "total_successes": 271,
  "max_consecutive_successes": 20,
  "elapsed_time": 1286.3183498382568,
  "user_quit": false,
  "error": null,
  "run_name": "run_013"
}