{
  "total_episodes": 1000,
  "success_rate": 2.1999999999999997,
  "mean_reward": -195.62795222351727,
  "std_reward": 246.07603491155197,
  "max_reward": 272.02031912832825,
  "min_reward": -1855.5869465682265,
  "first_success_episode": 600,
  "final_100_success_rate": 2.0,
  "final_100_mean_reward": -96.4899756325588,
  "total_successes": 22,
  "max_consecutive_successes": 3,
  "elapsed_time": 844.7860608100891,
  "user_quit": false,
  "error": null,
  "run_name": "run_017"
}