{
  "total_episodes": 1000,
  "success_rate": 38.2,
  "mean_reward": 39.45068603008626,
  "std_reward": 252.59078683028176,
  "max_reward": 306.0728769355394,
  "min_reward": -1649.4361212681888,
  "first_success_episode": 245,
  "final_100_success_rate": 62.0,
  "final_100_mean_reward": 179.75024470227822,
  "total_successes": 382,
  "max_consecutive_successes": 14,
  "elapsed_time": 959.5274465084076,
  "user_quit": false,
  "error": null,
  "run_name": "run_011"
}