{
  "total_episodes": 1000,
  "success_rate": 13.4,
  "mean_reward": -46.63714413238847,
  "std_reward": 193.93722716818002,
  "max_reward": 273.6226140442628,
  "min_reward": -1248.0156443239227,
  "first_success_episode": 457,
  "final_100_success_rate": 43.0,
  "final_100_mean_reward": 122.02214075717849,
  "total_successes": 134,
  "max_consecutive_successes": 12,
  "elapsed_time": 1217.0826346874237,
  "user_quit": false,
  "error": null,
  "run_name": "run_006"
}