{
  "total_episodes": 1000,
  "success_rate": 15.9,
  "mean_reward": -23.457678957583806,
  "std_reward": 204.75787602370283,
  "max_reward": 299.77385843674926,
  "min_reward": -935.7036356691061,
  "first_success_episode": 455,
  "final_100_success_rate": 37.0,
  "final_100_mean_reward": 104.9183522080802,
  "total_successes": 159,
  "max_consecutive_successes": 9,
  "elapsed_time": 1208.2103788852692,
  "user_quit": false,
  "error": null,
  "run_name": "run_005"
}