{
  "total_episodes": 1000,
  "success_rate": 36.3,
  "mean_reward": 39.49155360443026,
  "std_reward": 300.146611847408,
  "max_reward": 289.5644985027781,
  "min_reward": -3941.1803766009243,
  "first_success_episode": 184,
  "final_100_success_rate": 68.0,
  "final_100_mean_reward": 189.0953814147282,
  "total_successes": 363,
  "max_consecutive_successes": 18,
  "elapsed_time": 1300.8277533054352,
  "user_quit": false,
  "error": null,
  "run_name": "run_029"
}