{
  "total_episodes": 1000,
  "success_rate": 11.899999999999999,
  "mean_reward": -42.37899609089235,
  "std_reward": 244.5735560940274,
  "max_reward": 305.52334251659147,
  "min_reward": -1572.447153832226,
  "first_success_episode": 178,
  "final_100_success_rate": 23.0,
  "final_100_mean_reward": 60.38143231313558,
  "total_successes": 119,
  "max_consecutive_successes": 6,
  "elapsed_time": 1274.3564743995667,
  "user_quit": false,
  "error": null,
  "run_name": "run_021"
}