{
  "total_episodes": 500,
  "success_rate": 0.0,
  "mean_reward": -164.34882666538644,
  "std_reward": 183.65533408097625,
  "max_reward": 103.88626737145314,
  "min_reward": -2089.2244836936115,
  "first_success_episode": null,
  "final_100_success_rate": 0.0,
  "final_100_mean_reward": -53.695620600673436,
  "total_successes": 0,
  "max_consecutive_successes": 0,
  "elapsed_time": 1229.1214022636414,
  "user_quit": false,
  "error": null,
  "run_name": "run_001"
}