{
  "total_episodes": 500,
  "success_rate": 12.0,
  "mean_reward": -57.82857023601322,
  "std_reward": 266.41976295975746,
  "max_reward": 281.2970112145244,
  "min_reward": -1686.13599469015,
  "first_success_episode": 184,
  "final_100_success_rate": 28.999999999999996,
  "final_100_mean_reward": 137.91436059744777,
  "total_successes": 60,
  "max_consecutive_successes": 4,
  "elapsed_time": 1078.0501101016998,
  "user_quit": false,
  "error": null,
  "run_name": "run_006"
}