{
  "total_episodes": 500,
  "success_rate": 7.6,
  "mean_reward": -74.52072782659992,
  "std_reward": 246.80763276530988,
  "max_reward": 274.4389876019294,
  "min_reward": -1392.6742013890698,
  "first_success_episode": 117,
  "final_100_success_rate": 13.0,
  "final_100_mean_reward": 39.747341335075255,
  "total_successes": 38,
  "max_consecutive_successes": 4,
  "elapsed_time": 970.1946270465851,
  "user_quit": false,
  "error": null,
  "run_name": "run_005"
}