{
  "total_episodes": 500,
  "success_rate": 1.4000000000000001,
  "mean_reward": -262.3170532582182,
  "std_reward": 323.318233010958,
  "max_reward": 269.10486474082757,
  "min_reward": -2405.317167629615,
  "first_success_episode": 347,
  "final_100_success_rate": 0.0,
  "final_100_mean_reward": -113.53880613105534,
  "total_successes": 7,
  "max_consecutive_successes": 1,
  "elapsed_time": 332.4270977973938,
  "user_quit": false,
  "error": null,
  "run_name": "run_008"
}