{
  "run_name": "run_001",
  "total_episodes": 1000,
  "success_rate": 0.5,
  "mean_reward": -294.04194667434695,
  "std_reward": 238.14506811547017,
  "max_reward": 243.88929748535156,
  "min_reward": -1160.5118408203125,
  "first_success_episode": 255,
  "final_100_success_rate": 0.0,
  "elapsed_time": 10387.875855445862
}