{
  "total_episodes": 500,
  "success_rate": 5.6000000000000005,
  "mean_reward": -85.0921632265458,
  "std_reward": 198.91120299141232,
  "max_reward": 264.9121016744495,
  "min_reward": -915.3162257556347,
  "first_success_episode": 45,
  "final_100_success_rate": 10.0,
  "final_100_mean_reward": 39.8056680770628,
  "total_successes": 28,
  "max_consecutive_successes": 3,
  "elapsed_time": 493.4743938446045,
  "user_quit": false,
  "error": null,
  "run_name": "run_018"
}