{
  "total_episodes": 500,
  "success_rate": 14.6,
  "mean_reward": -101.29448047309867,
  "std_reward": 271.805104485679,
  "max_reward": 287.31547711322565,
  "min_reward": -1627.5387552167072,
  "first_success_episode": 272,
  "final_100_success_rate": 17.0,
  "final_100_mean_reward": 53.97679404007987,
  "total_successes": 73,
  "max_consecutive_successes": 10,
  "elapsed_time": 581.014413356781,
  "user_quit": false,
  "error": null,
  "run_name": "run_002"
}