{
  "total_episodes": 500,
  "success_rate": 0.0,
  "mean_reward": -1078.3749691854352,
  "std_reward": 403.2758644044504,
  "max_reward": -78.43901444348344,
  "min_reward": -2422.5524452045165,
  "first_success_episode": null,
  "final_100_success_rate": 0.0,
  "final_100_mean_reward": -1159.5980131599633,
  "total_successes": 0,
  "max_consecutive_successes": 0,
  "elapsed_time": 105.85721588134766,
  "user_quit": false,
  "error": null,
  "run_name": "run_008"
}