{
  "total_episodes": 500,
  "success_rate": 9.6,
  "mean_reward": -87.43763208615212,
  "std_reward": 266.5378090069331,
  "max_reward": 284.56524885707745,
  "min_reward": -1302.7956717297807,
  "first_success_episode": 208,
  "final_100_success_rate": 26.0,
  "final_100_mean_reward": 97.19432566158092,
  "total_successes": 48,
  "max_consecutive_successes": 4,
  "elapsed_time": 523.8254971504211,
  "user_quit": false,
  "error": null,
  "run_name": "run_021"
}