{
  "total_episodes": 500,
  "success_rate": 7.199999999999999,
  "mean_reward": -183.0095560994,
  "std_reward": 343.4335686178704,
  "max_reward": 293.46449340544615,
  "min_reward": -3507.786897268572,
  "first_success_episode": 388,
  "final_100_success_rate": 34.0,
  "final_100_mean_reward": 95.74047289184806,
  "total_successes": 36,
  "max_consecutive_successes": 12,
  "elapsed_time": 656.6108791828156,
  "user_quit": false,
  "error": null,
  "run_name": "run_029"
}