{
  "total_episodes": 500,
  "success_rate": 6.0,
  "mean_reward": -144.64205825400467,
  "std_reward": 280.1410300057869,
  "max_reward": 236.15962096884425,
  "min_reward": -1520.7132378667086,
  "first_success_episode": 385,
  "final_100_success_rate": 26.0,
  "final_100_mean_reward": 109.54771788666696,
  "total_successes": 30,
  "max_consecutive_successes": 3,
  "elapsed_time": 709.9955072402954,
  "user_quit": false,
  "error": null,
  "run_name": "run_014"
}