{
  "total_episodes": 500,
  "success_rate": 7.199999999999999,
  "mean_reward": -134.52628782115093,
  "std_reward": 235.36218622658356,
  "max_reward": 278.50792741663304,
  "min_reward": -1420.7215748680462,
  "first_success_episode": 146,
  "final_100_success_rate": 27.0,
  "final_100_mean_reward": 63.480634660822396,
  "total_successes": 36,
  "max_consecutive_successes": 7,
  "elapsed_time": 569.170717716217,
  "user_quit": false,
  "error": null,
  "run_name": "run_031"
}