{
  "total_episodes": 500,
  "success_rate": 13.600000000000001,
  "mean_reward": -76.03064405185964,
  "std_reward": 235.15249946644525,
  "max_reward": 266.5850036776925,
  "min_reward": -1169.4465778438653,
  "first_success_episode": 221,
  "final_100_success_rate": 36.0,
  "final_100_mean_reward": 104.3369245463971,
  "total_successes": 68,
  "max_consecutive_successes": 8,
  "elapsed_time": 748.5474817752838,
  "user_quit": false,
  "error": null,
  "run_name": "run_003"
}