{
  "total_episodes": 500,
  "success_rate": 11.799999999999999,
  "mean_reward": 5.995102622968843,
  "std_reward": 177.51405913533907,
  "max_reward": 264.30627186944093,
  "min_reward": -972.2147189601067,
  "first_success_episode": 177,
  "final_100_success_rate": 22.0,
  "final_100_mean_reward": 142.06108962394765,
  "total_successes": 59,
  "max_consecutive_successes": 4,
  "elapsed_time": 784.0749261379242,
  "user_quit": false,
  "error": null,
  "run_name": "run_005"
}