{
  "run_name": "run_006",
  "total_episodes": 500,
  "success_rate": 0.0,
  "mean_reward": -474.90410632324216,
  "std_reward": 182.10769440977253,
  "max_reward": -24.286643981933594,
  "min_reward": -1745.22607421875,
  "first_success_episode": null,
  "final_100_success_rate": 0.0,
  "elapsed_time": 592.2308514118195
}