{
  "total_episodes": 500,
  "success_rate": 10.4,
  "mean_reward": -74.34624734977784,
  "std_reward": 270.70769118263433,
  "max_reward": 274.02316995002434,
  "min_reward": -1386.9145498509033,
  "first_success_episode": 215,
  "final_100_success_rate": 20.0,
  "final_100_mean_reward": 102.87118586210234,
  "total_successes": 52,
  "max_consecutive_successes": 4,
  "elapsed_time": 1247.9278242588043,
  "user_quit": false,
  "error": null,
  "run_name": "run_005"
}