{
  "total_episodes": 500,
  "success_rate": 1.6,
  "mean_reward": -250.48270619436278,
  "std_reward": 332.9916687909849,
  "max_reward": 243.40195801590218,
  "min_reward": -1987.1140569564975,
  "first_success_episode": 237,
  "final_100_success_rate": 0.0,
  "final_100_mean_reward": -341.69292517150467,
  "total_successes": 8,
  "max_consecutive_successes": 1,
  "elapsed_time": 701.8367280960083,
  "user_quit": false,
  "error": null,
  "run_name": "run_002"
}