{
  "total_episodes": 500,
  "success_rate": 3.4000000000000004,
  "mean_reward": -193.18619980902963,
  "std_reward": 294.3255278175154,
  "max_reward": 273.7701823928222,
  "min_reward": -1600.3530797322258,
  "first_success_episode": 145,
  "final_100_success_rate": 15.0,
  "final_100_mean_reward": 16.464071920164514,
  "total_successes": 17,
  "max_consecutive_successes": 3,
  "elapsed_time": 2604.563603401184,
  "user_quit": false,
  "error": null,
  "run_name": "run_004"
}