{
  "total_episodes": 500,
  "success_rate": 0.0,
  "mean_reward": -280.006103262293,
  "std_reward": 244.32851016052035,
  "max_reward": 185.44374390814875,
  "min_reward": -1222.104010068198,
  "first_success_episode": null,
  "final_100_success_rate": 0.0,
  "final_100_mean_reward": -117.23357606417501,
  "total_successes": 0,
  "max_consecutive_successes": 0,
  "elapsed_time": 848.9541413784027,
  "user_quit": false,
  "error": null,
  "run_name": "run_007"
}