{
  "total_episodes": 500,
  "success_rate": 29.599999999999998,
  "mean_reward": 3.467968491260341,
  "std_reward": 247.53738168664415,
  "max_reward": 310.73494551806516,
  "min_reward": -1270.9705859781648,
  "first_success_episode": 172,
  "final_100_success_rate": 67.0,
  "final_100_mean_reward": 148.39535144898613,
  "total_successes": 148,
  "max_consecutive_successes": 15,
  "elapsed_time": 878.4925684928894,
  "user_quit": false,
  "error": null,
  "run_name": "run_006"
}