{
  "total_episodes": 500,
  "success_rate": 7.6,
  "mean_reward": -82.06652267961609,
  "std_reward": 258.1628034818222,
  "max_reward": 269.4589056862554,
  "min_reward": -1979.455501831889,
  "first_success_episode": 275,
  "final_100_success_rate": 20.0,
  "final_100_mean_reward": 85.73560621002079,
  "total_successes": 38,
  "max_consecutive_successes": 3,
  "elapsed_time": 735.3355431556702,
  "user_quit": false,
  "error": null,
  "run_name": "run_003"
}