{
  "total_episodes": 3000,
  "success_rate": 26.700000000000003,
  "mean_reward": 58.023137998660424,
  "std_reward": 179.785739801883,
  "max_reward": 300.0184885770399,
  "min_reward": -1013.6745734046492,
  "first_success_episode": 349,
  "final_100_success_rate": 47.0,
  "final_100_mean_reward": 103.6695208892218,
  "total_successes": 801,
  "max_consecutive_successes": 18,
  "elapsed_time": 4300.043632030487,
  "user_quit": false,
  "error": null,
  "run_name": "run_003"
}