{
  "total_episodes": 1500,
  "success_rate": 0.0,
  "mean_reward": -472.6897786916097,
  "std_reward": 139.616975887731,
  "max_reward": -43.61692810058594,
  "min_reward": -1282.544189453125,
  "first_success_episode": null,
  "final_100_success_rate": 0.0,
  "elapsed_time": 2948.2261924743652,
  "user_quit": false,
  "error": null,
  "run_name": "run_004"
}