{
  "run_name": "run_001",
  "total_episodes": 1000,
  "success_rate": 0.0,
  "mean_reward": -180.04937221908568,
  "std_reward": 74.1553380844606,
  "max_reward": -32.69526672363281,
  "min_reward": -662.1438598632812,
  "first_success_episode": null,
  "final_100_success_rate": 0.0,
  "elapsed_time": 12373.914979696274
}