{
  "run_name": "run_001",
  "total_episodes": 1500,
  "success_rate": 0.0,
  "mean_reward": -109.64278909238179,
  "std_reward": 79.98864691208863,
  "max_reward": 46.946781158447266,
  "min_reward": -1107.149658203125,
  "first_success_episode": null,
  "final_100_success_rate": 0.0,
  "elapsed_time": 4126.448047637939
}