{
  "run_name": "run_002",
  "total_episodes": 1500,
  "success_rate": 0.0,
  "mean_reward": -107.31828723605474,
  "std_reward": 122.4852023587204,
  "max_reward": 46.98558807373047,
  "min_reward": -1311.69140625,
  "first_success_episode": null,
  "final_100_success_rate": 0.0,
  "elapsed_time": 4229.661336421967
}