{
  "run_name": "run_002",
  "total_episodes": 1000,
  "success_rate": 0.0,
  "mean_reward": -189.68908798980712,
  "std_reward": 49.60955522727446,
  "max_reward": 12.197883605957031,
  "min_reward": -590.3642578125,
  "first_success_episode": null,
  "final_100_success_rate": 0.0,
  "elapsed_time": 9215.351018190384
}