{
  "total_episodes": 500,
  "success_rate": 0.0,
  "mean_reward": -443.53057722512614,
  "std_reward": 266.5864008003125,
  "max_reward": 25.03635365479306,
  "min_reward": -2678.5216918967253,
  "first_success_episode": null,
  "final_100_success_rate": 0.0,
  "final_100_mean_reward": -124.05617131740763,
  "total_successes": 0,
  "max_consecutive_successes": 0,
  "elapsed_time": 109.12998723983765,
  "user_quit": false,
  "error": null,
  "run_name": "run_006"
}