{
  "total_episodes": 500,
  "success_rate": 0.0,
  "mean_reward": -193.95620305907005,
  "std_reward": 214.7094667574791,
  "max_reward": 32.82530834261837,
  "min_reward": -2012.011808418252,
  "first_success_episode": null,
  "final_100_success_rate": 0.0,
  "final_100_mean_reward": -125.00320512583225,
  "total_successes": 0,
  "max_consecutive_successes": 0,
  "elapsed_time": 134.5047287940979,
  "user_quit": false,
  "error": null,
  "run_name": "run_005"
}