{
  "run_name": "run_003",
  "total_episodes": 1500,
  "success_rate": 0.0,
  "mean_reward": -115.83653463745117,
  "std_reward": 65.01213909091263,
  "max_reward": -16.153072357177734,
  "min_reward": -788.4597778320312,
  "first_success_episode": null,
  "final_100_success_rate": 0.0,
  "elapsed_time": 4548.270829677582
}