{
  "run_name": "run_004",
  "total_episodes": 1500,
  "success_rate": 0.0,
  "mean_reward": -130.04838401349386,
  "std_reward": 83.46973598332512,
  "max_reward": 14.580560684204102,
  "min_reward": -1505.608154296875,
  "first_success_episode": null,
  "final_100_success_rate": 0.0,
  "elapsed_time": 3406.4333803653717
}