run_name,success_rate,mean_reward,max_reward,first_success_episode,final_100_success_rate,elapsed_time,parameters
run_001,0.0,-109.64278909238179,46.946781158447266,,0.0,4126.448047637939,"{""actor_lr"": 0.0001, ""critic_lr"": 0.0002}"
run_002,0.0,-107.31828723605474,46.98558807373047,,0.0,4229.661336421967,"{""actor_lr"": 0.0001, ""critic_lr"": 0.0006}"
run_003,0.0,-115.83653463745117,-16.153072357177734,,0.0,4548.270829677582,"{""actor_lr"": 0.0003, ""critic_lr"": 0.0002}"
run_004,0.0,-130.04838401349386,14.580560684204102,,0.0,3406.4333803653717,"{""actor_lr"": 0.0003, ""critic_lr"": 0.0006}"
