{
  "run_name": "run_008",
  "total_episodes": 500,
  "success_rate": 0.0,
  "mean_reward": -167.9805728149414,
  "std_reward": 80.17054888481597,
  "max_reward": 27.8876953125,
  "min_reward": -844.3060913085938,
  "first_success_episode": null,
  "final_100_success_rate": 0.0,
  "elapsed_time": 1485.029143333435
}