{
  "run_name": "run_009",
  "total_episodes": 500,
  "success_rate": 0.0,
  "mean_reward": -318.8147086029053,
  "std_reward": 251.98138195450974,
  "max_reward": -57.5677490234375,
  "min_reward": -2106.236083984375,
  "first_success_episode": null,
  "final_100_success_rate": 0.0,
  "elapsed_time": 1042.623229265213
}