{
  "total_episodes": 16,
  "success_rate": 0.0,
  "mean_reward": -282.0946035368916,
  "std_reward": 213.2334441341339,
  "max_reward": 22.318826997842564,
  "min_reward": -785.0717300619751,
  "first_success_episode": null,
  "final_100_success_rate": null,
  "elapsed_time": 19.14604425430298,
  "user_quit": true,
  "error": null,
  "run_name": "run_001"
}